,City,Cloudiness,Country,Date,Humidity,Lat,Lng,Max Temp,Wind Speed
0,Rikitea,34,PF,1595116800,80,-23.1203,-134.9692,72.07,15.59
1,Tabou,9,CI,1595116800,87,4.423,-7.3528,75.74,6.82
2,Isla Vista,1,US,1595116800,54,34.4133,-119.861,77.4,8.66
3,Vaini,87,TO,1595116800,91,-21.2,-175.2,75.81,19.98
4,Yellowknife,10,CA,1595116800,48,62.456,-114.3525,70.02,12.01
5,Vyartsilya,27,RU,1595116800,72,62.1764,30.693,59.59,2.17
6,Kapaa,46,US,1595116800,72,22.0752,-159.319,83.12,11.77
7,Ushuaia,75,AR,1595116800,91,-54.8,-68.3,30.15,0.29
8,‘Āhuimanu,54,US,1595116800,76,21.4447,-157.8378,82.04,13.06
9,Dingle,92,PH,1595116800,82,10.9995,122.6711,81.64,2.84
10,Faanui,92,PF,1595116800,84,-16.4833,-151.75,75.29,19.6
11,Kahului,28,US,1595116800,57,20.8947,-156.47,83.41,14.72
12,Busselton,59,AU,1595116800,76,-33.65,115.3333,54.45,3.8
13,Bredasdorp,0,ZA,1595116800,89,-34.5322,20.0403,53.11,3.89
14,East London,0,ZA,1595116800,46,-33.0153,27.9116,64.53,9.69
15,Pangnirtung,50,CA,1595116800,57,66.1451,-65.7125,56.57,2.21
16,Hithadhoo,100,MV,1595116800,73,-0.6,73.0833,83.07,20.62
17,Bauchi,98,NG,1595116800,87,10.5,10.0,71.92,1.99
18,Yorkton,23,CA,1595116800,62,51.2167,-102.4677,71.31,11.45
19,Salalah,87,OM,1595116800,84,17.0151,54.0924,81.63,7.05
20,Albany,42,US,1595116800,49,42.6001,-73.9662,83.41,3.38
21,Yerbogachën,21,RU,1595116800,90,61.2767,108.0108,52.56,5.19
22,Burns Lake,91,CA,1595116800,55,54.2331,-125.7533,68.61,9.37
23,Ilulissat,100,GL,1595116800,43,69.2167,-51.1,51.8,4.92
24,Talcahuano,94,CL,1595116800,88,-36.7167,-73.1167,56.14,15.19
25,Halifax,20,CA,1595116800,81,44.6453,-63.5724,71.11,3.69
26,Torbay,79,CA,1595116800,62,47.6666,-52.7314,59.32,4.0
27,Zhigansk,5,RU,1595116800,83,66.7697,123.3711,62.74,11.65
28,Ancud,95,CL,1595116800,91,-41.8697,-73.8203,51.1,10.38
29,Mataura,0,NZ,1595116800,72,-46.1927,168.8643,46.49,1.32
30,Qaanaaq,93,GL,1595116800,67,77.484,-69.3632,49.01,2.15
31,Kavieng,97,PG,1595116800,73,-2.5744,150.7967,83.37,6.87
32,Sola,80,VU,1595116800,80,-13.8833,167.55,79.48,2.95
33,Hermanus,0,ZA,1595116800,87,-34.4187,19.2345,55.78,5.53
34,Tahe,34,CN,1595116800,73,52.3333,124.7333,77.13,12.82
35,Butaritari,4,KI,1595116800,77,3.0707,172.7902,82.96,13.06
36,Verāval,54,IN,1595116800,82,20.9,70.3667,83.68,15.5
37,Glasgow,81,GB,1595116800,78,55.8652,-4.2576,51.69,6.04
38,Bluff,0,NZ,1595116800,71,-46.6,168.3333,43.74,6.15
39,Oranjemund,0,NA,1595116800,36,-28.55,16.4333,60.85,5.32
40,Kedrovyy,35,RU,1595116800,85,56.1667,91.8167,54.91,0.36
41,Upernavik,0,GL,1595116800,54,72.7868,-56.1549,48.36,5.86
42,Farah,0,AF,1595116800,26,32.5,62.5,75.07,5.48
43,Cape Town,0,ZA,1595116800,91,-33.9258,18.4232,57.11,4.7
44,New Norfolk,50,AU,1595116800,75,-42.7826,147.0587,51.87,3.06
45,Worcester,14,US,1595116800,54,42.3334,-71.8328,80.87,3.67
46,Kutum,26,SD,1595116800,59,14.2,24.6667,76.6,6.11
47,Puerto Ayora,81,EC,1595116800,84,-0.7393,-90.3518,70.07,9.15
48,Hong Kong,78,HK,1595116800,78,22.2855,114.1577,85.15,13.0
49,Hobart,58,AU,1595116800,74,-42.8794,147.3294,52.72,5.53
50,Chara,100,RU,1595116800,82,56.9064,118.2631,53.62,6.44
51,Cabo San Lucas,3,MX,1595116800,54,22.8909,-109.9124,86.5,8.72
52,Punta Arenas,69,CL,1595116800,88,-53.15,-70.9167,33.67,7.29
53,Najrān,69,SA,1595116800,23,17.4924,44.1277,85.8,6.85
54,Castro,8,BR,1595116800,86,-24.7911,-50.0119,60.6,3.78
55,Kamenka,0,RU,1595116800,94,51.3223,42.7678,57.96,4.47
56,Tanete,99,ID,1595116800,91,-3.9443,119.7848,76.5,5.93
57,Thompson,84,CA,1595116800,50,55.7435,-97.8558,69.39,4.79
58,Haines Junction,67,CA,1595116800,41,60.7522,-137.5108,69.64,7.96
59,Port Alfred,0,ZA,1595116800,72,-33.5906,26.891,61.07,11.21
60,Ambilobe,6,MG,1595116800,67,-13.2,49.05,62.29,4.32
61,Dhārchula,99,IN,1595116800,76,29.85,80.5333,70.79,0.78
62,Constitución,86,CL,1595116800,85,-35.3333,-72.4167,55.98,13.56
63,Champerico,25,GT,1595116800,64,14.3,-91.9167,88.93,4.03
64,Rawson,96,AR,1595116800,80,-43.3002,-65.1023,46.15,10.78
65,Chokurdakh,0,RU,1595116800,47,70.6333,147.9167,59.07,13.31
66,Rio Grande,77,BR,1595116800,68,-32.035,-52.0986,71.2,9.95
67,San Quintín,2,MX,1595116800,65,30.4833,-115.95,74.95,17.0
68,Brae,17,GB,1595116800,84,60.3964,-1.353,53.1,17.18
69,Atherton,81,GB,1595116800,80,53.5237,-2.4935,56.07,6.13
70,Dikson,100,RU,1595116800,94,73.5069,80.5464,39.58,6.29
71,Srednekolymsk,0,RU,1595116800,57,67.45,153.6833,62.8,6.2
72,La Libertad,74,EC,1595116800,88,-2.2333,-80.9,69.96,13.04
73,Klaksvík,53,FO,1595116800,88,62.2266,-6.589,49.62,13.62
74,Avarua,76,CK,1595116800,76,-21.2078,-159.775,72.41,15.23
75,Wanning,77,CN,1595116800,80,18.8003,110.3967,84.47,14.12
76,Caravelas,80,BR,1595116800,75,-17.7125,-39.2481,70.97,7.85
77,Kiryat Gat,0,IL,1595116800,76,31.61,34.7642,70.68,1.74
78,Port Shepstone,0,ZA,1595116800,30,-30.7414,30.455,64.94,6.29
79,Giulianova,0,IT,1595116800,47,42.7612,13.9537,63.93,9.89
80,Port Macquarie,50,AU,1595116800,81,-31.4333,152.9167,61.14,4.09
81,Härnösand,37,SE,1595116800,77,62.6323,17.9379,63.88,11.16
82,Bethanien,0,NA,1595116800,33,-26.502,17.1583,56.21,9.37
83,Chui,83,UY,1595116800,91,-33.6971,-53.4616,64.81,6.33
84,San Felipe,96,VE,1595116800,87,10.3399,-68.7425,77.74,2.35
85,Karpathos,0,GR,1595116800,76,35.507,27.2132,73.63,14.7
86,Bonavista,99,CA,1595116800,67,48.6499,-53.1147,54.73,2.75
87,Hambantota,82,LK,1595116800,82,6.1241,81.1185,79.47,12.26
88,Tasiilaq,19,GL,1595116800,65,65.6145,-37.6368,44.6,4.79
89,Severo-Kuril'sk,67,RU,1595116800,84,50.6789,156.125,54.14,12.03
90,Port Lincoln,52,AU,1595116800,69,-34.7333,135.8667,55.89,22.35
91,Sulangan,99,PH,1595116800,72,11.1373,123.7228,83.25,7.43
92,Tual,65,ID,1595116800,81,-5.6667,132.75,78.58,16.93
93,Luoyang,98,CN,1595116800,39,34.6836,112.4536,73.44,7.58
94,Norman Wells,87,CA,1595116800,71,65.282,-126.8329,67.77,6.51
95,Alice Springs,0,AU,1595116800,35,-23.7,133.8833,58.15,8.52
96,Port Hueneme,3,US,1595116800,70,34.1478,-119.1951,69.08,13.22
97,Mexico,66,PH,1595116800,77,15.0646,120.7198,82.78,3.36
98,Provideniya,85,RU,1595116800,71,64.3833,-173.3,48.72,5.26
99,Kumul,55,CN,1595116800,16,42.8,93.45,83.28,8.99
100,Barrow,95,US,1595116800,80,71.2906,-156.7887,37.33,11.54
101,Aykhal,62,RU,1595116800,80,66.0,111.5,58.64,8.34
102,Lagos,58,NG,1595116800,87,6.5833,3.75,76.53,6.53
103,Lola,90,GN,1595116800,93,7.8,-8.5333,67.77,2.91
104,Capâo Bonito,1,BR,1595116800,91,-24.0058,-48.3494,61.12,3.91
105,Port Hardy,87,CA,1595116800,86,50.6996,-127.4199,59.45,1.66
106,Leningradskiy,83,RU,1595116800,76,69.3833,178.4167,41.04,12.48
107,Litovko,31,RU,1595116800,89,49.2361,135.1742,79.43,1.14
108,Carnarvon,0,AU,1595116800,66,-24.8667,113.6333,56.75,20.45
109,Pevek,11,RU,1595116800,70,69.7008,170.3133,44.51,4.43
110,Paita,7,PE,1595116800,80,-5.0892,-81.1144,64.06,15.77
111,Siderno,20,IT,1595116800,81,38.2779,16.302,72.34,5.06
112,Vardø,97,NO,1595116800,91,70.3705,31.1107,50.67,2.93
113,Tuktoyaktuk,95,CA,1595116800,86,69.4541,-133.0374,40.82,12.66
114,Arraial do Cabo,0,BR,1595116800,76,-22.9661,-42.0278,71.13,17.52
115,São João da Barra,2,BR,1595116800,71,-21.6403,-41.0511,71.47,8.08
116,Ahipara,100,NZ,1595116800,87,-35.1667,173.1667,61.09,13.31
117,Lumphat,93,KH,1595116800,96,13.4878,106.9816,74.59,0.47
118,Colonelganj,100,IN,1595116800,68,27.1333,81.7,86.99,7.65
119,Atuona,59,PF,1595116800,79,-9.8,-139.0333,79.25,15.37
120,Komatipoort,0,ZA,1595116800,51,-25.4332,31.9548,57.52,2.77
121,Saint George,1,US,1595116800,11,37.1041,-113.5841,104.18,14.09
122,Yadgir,55,IN,1595116800,86,16.7667,77.1333,76.62,7.58
123,Angoche,33,MZ,1595116800,77,-16.2325,39.9086,70.05,10.11
124,Point Pedro,100,LK,1595116800,75,9.8167,80.2333,82.42,5.21
125,Mossamedes,0,AO,1595116800,74,-15.1961,12.1522,66.94,3.36
126,Mount Gambier,54,AU,1595116800,95,-37.8333,140.7667,50.63,12.95
127,Iqaluit,88,CA,1595116800,93,63.7506,-68.5145,45.37,8.25
128,Tornio,80,FI,1595116800,91,65.8481,24.1466,61.47,10.74
129,Taltal,36,CL,1595116800,68,-25.4,-70.4833,58.03,5.32
130,Udachny,77,RU,1595116800,77,66.4167,112.4,62.33,8.86
131,Acapulco de Juárez,4,MX,1595116800,74,16.8634,-99.8901,86.27,12.35
132,Sobolevo,4,RU,1595116800,84,54.4299,31.8996,55.6,4.12
133,Tupik,99,RU,1595116800,91,54.4253,119.9327,64.31,9.98
134,Cherskiy,0,RU,1595116800,58,68.75,161.3,66.97,6.24
135,Kosh-Agach,0,RU,1595116800,53,50.0,88.6667,63.93,1.7
136,Hilo,72,US,1595116800,67,19.7297,-155.09,81.36,8.41
137,Tiksi,100,RU,1595116800,99,71.6872,128.8694,49.77,8.59
138,Longyearbyen,87,SJ,1595116800,76,78.2186,15.6401,46.06,4.41
139,Rusape,0,ZW,1595116800,94,-18.5278,32.1284,43.09,1.9
140,Saskylakh,27,RU,1595116800,67,71.9167,114.0833,50.11,10.49
141,Hasaki,87,JP,1595116800,93,35.7333,140.8333,74.62,12.5
142,Sirte,0,LY,1595116800,77,31.2089,16.5887,76.57,8.34
143,Pisco,5,PE,1595116800,79,-13.7,-76.2167,61.3,4.09
144,Khatanga,100,RU,1595116800,77,71.9667,102.5,49.08,4.79
145,João Pinheiro,1,BR,1595116800,54,-17.7425,-46.1725,64.98,9.69
146,Kungurtug,12,RU,1595116800,67,50.5994,97.5228,55.65,0.81
147,Pangkalanbuun,49,ID,1595116800,97,-2.6833,111.6167,75.94,1.74
148,Mahajanga,0,MG,1595116800,60,-15.7167,46.3167,68.83,10.25
149,Yinchuan,1,CN,1595116800,33,38.4681,106.2731,74.41,0.72
150,Bambous Virieux,61,MU,1595116800,66,-20.3428,57.7575,69.37,20.58
151,Siverek,0,TR,1595116800,49,37.755,39.3167,78.58,4.14
152,Banda Aceh,76,ID,1595116800,80,5.5577,95.3222,79.39,4.32
153,Clyde River,86,CA,1595116800,71,70.4692,-68.5914,45.12,6.93
154,Monastyrshchina,3,RU,1595116800,84,54.3496,31.838,55.69,4.07
155,São Filipe,35,CV,1595116800,75,14.8961,-24.4956,76.62,9.08
156,Jamestown,11,US,1595116800,71,42.097,-79.2353,80.74,2.24
157,Kenai,50,US,1595116800,73,60.5544,-151.2583,61.52,12.84
158,Lieksa,76,FI,1595116800,76,63.3167,30.0167,63.3,4.03
159,Vaitape,93,PF,1595116800,82,-16.5167,-151.75,76.06,19.44
160,Kaitangata,2,NZ,1595116800,78,-46.2817,169.8464,45.75,2.73
161,Fort Nelson,86,CA,1595116800,39,58.8053,-122.7002,75.2,8.08
162,Fortuna,20,US,1595116800,59,40.5982,-124.1573,70.02,4.76
163,Ombessa,89,CM,1595116800,98,4.603,11.2565,69.55,4.23
164,Pitimbu,38,BR,1595116800,79,-7.4706,-34.8086,76.08,14.2
165,Pemangkat,45,ID,1595116800,92,1.1667,108.9667,76.53,4.79
166,Puerto El Triunfo,12,SV,1595116800,66,13.2833,-88.55,86.63,2.57
167,Bethel,18,US,1595116800,49,41.3712,-73.414,82.62,1.88
168,Kloulklubed,46,PW,1595116800,64,7.0419,134.2556,84.54,3.74
169,Los Llanos de Aridane,37,ES,1595116800,71,28.6585,-17.9182,75.27,7.87
170,Airai,76,TL,1595116800,50,-8.9266,125.4092,65.07,2.95
171,Saint-Philippe,78,RE,1595116800,78,-21.3585,55.7679,66.88,14.05
172,Olkhovka,91,RU,1595116800,76,53.2115,60.6069,70.47,1.9
173,Roebourne,80,AU,1595116800,72,-20.7833,117.1333,66.47,7.61
174,Monrovia,75,LR,1595116800,88,6.3005,-10.7969,76.86,5.26
175,Ust'-Kulom,32,RU,1595116800,88,61.6864,53.6902,57.83,2.84
176,Florianópolis,0,BR,1595116800,83,-27.6146,-48.5012,66.61,8.05
177,Mahébourg,62,MU,1595116800,66,-20.4081,57.7,69.48,20.38
178,Morro Bay,19,US,1595116800,67,35.3658,-120.8499,73.11,6.4
179,Khuzdar,16,PK,1595116800,60,27.7384,66.6434,81.14,4.27
180,Camalú,10,MX,1595116800,45,30.85,-116.0667,80.96,13.69
181,Alofi,88,NU,1595116800,77,-19.0595,-169.9187,76.93,17.13
182,Ballina,24,AU,1595116800,80,-28.8667,153.5667,62.94,5.19
183,Tateyama,100,JP,1595116800,91,34.9833,139.8667,72.82,18.41
184,Cayenne,99,GF,1595116800,82,4.9333,-52.3333,80.6,9.28
185,Riyadh,14,SA,1595116800,14,24.6877,46.7219,86.18,6.93
186,Tazovsky,72,RU,1595116800,75,67.4667,78.7,49.19,11.39
187,Laguna,1,US,1595116800,26,38.421,-121.4238,100.78,7.67
188,Lüderitz,0,NA,1595116800,24,-26.6481,15.1594,67.96,5.57
189,Barcelos,20,PT,1595116800,83,41.5388,-8.6151,67.82,1.05
190,Codrington,11,AU,1595116800,86,-38.2667,141.9667,51.98,22.59
191,Dipalpur,0,PK,1595116800,46,30.6709,73.6529,93.99,5.99
192,Mitsamiouli,17,KM,1595116800,60,-11.3847,43.2844,76.17,12.84
193,Ardakān,0,IR,1595116800,19,32.31,54.0175,82.22,7.67
194,Inhambane,13,MZ,1595116800,78,-23.865,35.3833,65.37,2.48
195,Xiongzhou,30,CN,1595116800,77,25.1167,114.3,83.34,5.73
196,Saint Paul Harbor,96,US,1595116800,81,57.79,-152.4072,58.8,7.45
197,Ust'-Ilimsk,47,RU,1595116800,89,58.0006,102.6619,50.54,2.59
198,Yuci,80,CN,1595116800,67,37.6803,112.7319,73.47,3.56
199,Kualakapuas,76,ID,1595116800,96,-3.0091,114.3876,76.28,1.3
200,Port Elizabeth,0,ZA,1595116800,80,-33.918,25.5701,58.6,8.95
201,Nikolskoye,100,RU,1595116800,65,59.7035,30.7861,59.72,3.85
202,Souillac,67,MU,1595116800,66,-20.5167,57.5167,69.21,20.18
203,Nūzvīd,87,IN,1595116800,85,16.7833,80.85,80.13,4.5
204,Saint-Pierre,70,RE,1595116800,77,-21.3393,55.4781,67.01,15.3
205,Medicine Hat,55,CA,1595116800,40,50.0501,-110.6683,74.21,11.72
206,Ponta do Sol,11,PT,1595116800,73,32.6667,-17.1,73.42,2.59
207,Luwuk,31,ID,1595116800,77,-0.9516,122.7875,80.06,6.04
208,Qinhuangdao,99,CN,1595116800,74,39.9317,119.5883,75.45,12.91
209,Bathsheba,31,BB,1595116800,71,13.2167,-59.5167,84.65,14.97
210,Lebu,100,CL,1595116800,89,-37.6167,-73.65,52.68,14.41
211,Esperance,71,AU,1595116800,83,-33.8667,121.9,55.49,8.25
212,Sol'-Iletsk,13,RU,1595116800,81,51.1631,54.9918,72.46,11.72
213,Kizhinga,11,RU,1595116800,65,51.8462,109.9097,55.89,15.41
214,Tuatapere,0,NZ,1595116800,64,-46.1333,167.6833,47.82,1.81
215,Promyshlennaya,0,RU,1595116800,83,54.9159,85.6385,57.04,8.81
216,Amlamé,70,TG,1595116800,96,7.4667,0.9,69.76,3.09
217,Luangwa,19,ZM,1595116800,77,-15.6167,30.4167,56.91,2.95
218,Lillooet,45,CA,1595116800,30,50.6856,-121.942,83.7,2.26
219,Kruisfontein,0,ZA,1595116800,80,-34.0033,24.7314,52.43,6.22
220,Grantham,100,GB,1595116800,85,52.9115,-0.6418,60.94,4.83
221,Praia da Vitória,57,PT,1595116800,79,38.7333,-27.0667,69.73,8.95
222,Murakami,92,JP,1595116800,83,38.2333,139.4833,77.52,4.43
223,Flinders,91,AU,1595116800,70,-34.5833,150.8552,60.26,5.39
224,Bengkulu,79,ID,1595116800,88,-3.8004,102.2655,75.07,4.56
225,Atambua,86,ID,1595116800,66,-9.1061,124.8925,75.38,3.69
226,San Ignacio,68,BZ,1595116800,65,17.1561,-89.0714,87.4,5.82
227,Aripuanã,15,BR,1595116800,45,-9.1667,-60.6333,86.32,2.01
228,Anadyr,40,RU,1595116800,66,64.75,177.4833,52.02,12.95
229,Goderich,91,CA,1595116800,73,43.7501,-81.7165,80.78,17.65
230,Turukhansk,18,RU,1595116800,80,65.8167,87.9833,51.49,1.83
231,Russellville,4,US,1595116800,55,35.2784,-93.1338,90.7,4.65
232,Changji,98,CN,1595116800,27,44.0167,87.3167,85.96,2.06
233,George Town,59,MY,1595116800,92,5.4112,100.3354,78.06,5.01
234,Poum,1,NC,1595116800,62,-20.2333,164.0167,71.55,13.06
235,Krasnaya Gorka,90,RU,1595116800,83,55.1962,56.6673,65.62,4.74
236,Vila Franca do Campo,33,PT,1595116800,74,37.7167,-25.4333,69.06,6.87
237,Mikhaylovsk,9,RU,1595116800,68,45.1283,42.0256,69.8,6.6
238,Hamilton,20,US,1595116800,57,39.1834,-84.5333,87.22,7.9
239,Muros,0,ES,1595116800,61,42.7762,-9.0603,69.19,2.3
240,Sinnamary,92,GF,1595116800,84,5.3833,-52.95,79.54,9.71
241,Carballo,0,ES,1595116800,73,43.213,-8.691,64.94,0.76
242,Sibolga,99,ID,1595116800,77,1.7427,98.7792,76.35,3.11
243,Buchanan,85,LR,1595116800,89,5.8808,-10.0467,76.84,6.98
244,Kirakira,66,SB,1595116800,75,-10.4544,161.9205,83.59,5.64
245,Krasnosel'kup,90,RU,1595116800,66,65.7,82.4667,55.9,7.18
246,Malinyi,57,TZ,1595116800,55,-8.9333,36.1333,67.08,2.55
247,Dauriya,100,RU,1595116800,95,49.9333,116.8667,58.3,11.74
248,Shingū,93,JP,1595116800,73,33.7333,135.9833,79.56,2.42
249,Katherine,0,AU,1595116800,53,-14.4667,132.2667,71.2,4.59
250,Barberton,0,ZA,1595116800,36,-25.7884,31.0532,53.82,4.68
251,Grindavik,50,IS,1595116800,77,63.8424,-22.4338,50.68,18.99
252,Manaure,41,CO,1595116800,69,11.7751,-72.4445,86.02,19.64
253,Forssa,79,FI,1595116800,92,60.8146,23.6215,57.51,4.59
254,Suure-Jaani,97,EE,1595116800,84,58.5361,25.4706,60.31,1.28
255,Bilibino,37,RU,1595116800,59,68.0546,166.4372,68.4,9.48
256,Shar,89,KZ,1595116800,68,49.5886,81.0453,65.86,8.68
257,Marsabit,81,KE,1595116800,64,2.3284,37.9899,63.46,20.47
258,Santa Cruz de la Sierra,24,BO,1595116800,55,-17.8,-63.1667,82.15,13.38
259,Mehamn,48,NO,1595116800,79,71.0357,27.8492,51.17,3.91
260,Pedernales,33,DO,1595116800,56,18.0384,-71.744,88.12,6.98
261,Pangai,100,TO,1595116800,84,-19.8,-174.35,77.25,14.83
262,Helena,10,US,1595116800,23,46.5927,-112.0361,79.57,10.8
263,Wajima,46,JP,1595116800,80,37.4,136.9,74.5,1.05
264,Mount Isa,0,AU,1595116800,36,-20.7333,139.5,69.33,9.01
265,Lensk,27,RU,1595116800,75,60.7253,114.9278,59.76,5.3
266,Jacmel,50,HT,1595116800,68,18.2342,-72.5347,84.97,2.62
267,Eirunepé,80,BR,1595116800,58,-6.6603,-69.8736,83.98,0.38
268,Avera,19,US,1595116800,50,33.194,-82.5271,90.37,5.59
269,Emerald,12,AU,1595116800,70,-23.5333,148.1667,62.01,1.79
270,Arman',97,RU,1595116800,52,59.7,150.1667,64.24,6.89
271,Shenzhen,75,CN,1595116800,85,22.5455,114.0683,86.13,9.86
272,Novosheshminsk,100,RU,1595116800,95,55.0651,51.2338,63.07,4.7
273,Talnakh,48,RU,1595116800,79,69.4865,88.3972,54.82,5.73
274,Sabha,3,LY,1595116800,24,27.0377,14.4283,90.88,14.36
275,Steamboat Springs,39,US,1595116800,19,40.485,-106.8317,83.01,14.34
276,Greenville,14,US,1595116800,65,35.6127,-77.3663,88.11,7.96
277,Puerto Madero,33,MX,1595116800,63,14.7208,-92.4215,89.24,5.35
278,Rodrigues Alves,33,BR,1595116800,59,-7.738,-72.6509,84.56,1.77
279,Swan Hill,18,AU,1595116800,59,-35.3378,143.5544,51.57,11.16
280,Owo,97,NG,1595116800,99,7.1962,5.5868,70.75,3.4
281,Erenhot,0,CN,1595116800,41,43.6475,111.9767,67.78,2.82
282,Caucaia,48,BR,1595116800,72,-3.7361,-38.6531,79.93,11.45
283,Jhang,42,PK,1595116800,58,33.6748,72.6963,85.98,4.85
284,Cockburn Town,1,TC,1595116800,77,21.4612,-71.1419,83.59,17.25
285,Davidson,66,US,1595116800,46,36.1501,-86.7833,92.7,5.08
286,Lompoc,4,US,1595116800,62,34.6391,-120.4579,69.94,9.48
287,Egvekinot,39,RU,1595116800,64,66.3167,-179.1667,49.5,6.38
288,Yashkino,0,RU,1595116800,89,55.8736,85.4265,57.92,3.76
289,Hyères,0,FR,1595116800,80,43.1167,6.1167,71.38,3.49
290,Inírida,40,CO,1595116800,85,3.8653,-67.9239,78.96,1.01
291,Negara,53,ID,1595116800,85,-8.3151,114.6025,77.05,6.69
292,Vila Velha,28,BR,1595116800,68,-20.3297,-40.2925,71.67,1.88
293,Iracoubo,93,GF,1595116800,83,5.4802,-53.2011,79.88,9.89
294,Narrabri,0,AU,1595116800,75,-30.3167,149.7833,58.77,4.41
295,Yulara,88,AU,1595116800,49,-25.2406,130.9889,55.26,8.1
296,Nizhniy Baskunchak,0,RU,1595116800,51,48.2198,46.8311,75.18,11.43
297,Tura,100,IN,1595116800,97,25.5198,90.2201,75.36,6.67
298,Sitka,95,US,1595116800,91,57.0531,-135.33,56.3,5.37
299,Sinegor'ye,0,RU,1595116800,44,62.0788,150.477,60.42,5.08
300,Majene,82,ID,1595116800,87,-3.5403,118.9707,77.94,8.23
301,Las Palmas,0,ES,1595116800,56,28.4204,-14.0131,79.81,9.1
302,Nanortalik,62,GL,1595116800,75,60.1432,-45.2371,48.43,2.13
303,Margate,16,GB,1595116800,84,51.3813,1.3862,63.39,5.68
304,Forsytheganj,0,BY,1595116800,81,52.6333,29.7333,56.97,3.18
305,Miajadas,0,ES,1595116800,32,39.1513,-5.9084,84.79,5.53
306,Olafsvik,28,IS,1595116800,82,64.8945,-23.7142,47.43,12.35
307,Rørvik,100,NO,1595116800,82,64.8621,11.2373,56.1,10.11
308,Glendive,21,US,1595116800,36,47.1053,-104.7125,79.74,16.69
309,San Cristobal,58,VE,1595116800,60,7.7669,-72.225,82.51,3.71
310,Huron,4,US,1595116800,57,41.1501,-82.5499,85.41,6.62
311,Saint Anthony,73,US,1595116800,63,45.0205,-93.218,89.33,5.57
312,Uruguaiana,0,BR,1595116800,66,-29.7547,-57.0883,75.79,10.18
313,Meulaboh,95,ID,1595116800,83,4.1363,96.1285,77.45,3.96
314,Buin,95,CL,1595116800,77,-33.7333,-70.75,54.79,2.04
315,Iralaya,15,HN,1595116800,76,15.0,-83.2333,85.59,7.81
316,Skjervøy,15,NO,1595116800,78,70.0311,20.9714,53.71,14.45
317,Jos,97,NG,1595116800,92,9.9167,8.9,64.8,3.04
318,Nishihara,41,JP,1595116800,81,26.1842,127.7558,83.21,13.09
319,Nacala,0,MZ,1595116800,85,-14.5428,40.6728,67.03,8.88
320,Tuim,0,RU,1595116800,84,54.3417,89.9261,52.9,0.98
321,Belmonte,33,BR,1595116800,74,-15.8631,-38.8828,72.28,11.7
322,Bodden Town,36,KY,1595116800,70,19.2833,-81.25,86.25,5.73
323,Elizabeth City,21,US,1595116800,76,36.2946,-76.2511,85.23,7.38
324,Dhone,64,IN,1595116800,83,15.4167,77.8833,76.73,11.63
325,Richards Bay,0,ZA,1595116800,57,-28.783,32.0377,58.19,5.77
326,Port-Cartier,78,CA,1595116800,78,50.0334,-66.8654,67.87,3.62
327,Mar del Plata,100,AR,1595116800,89,-38.0023,-57.5575,52.61,5.41
328,Ribeira Grande,42,PT,1595116800,72,38.5167,-28.7,71.46,10.85
329,Mogzon,91,RU,1595116800,74,51.7435,111.9606,54.46,14.56
330,San Patricio,15,MX,1595116800,69,19.2167,-104.7,88.0,6.67
331,Sai Buri,86,TH,1595116800,84,6.7013,101.6168,78.66,4.21
332,Isangel,63,VU,1595116800,75,-19.55,169.2667,72.57,7.29
333,Kulhudhuffushi,100,MV,1595116800,72,6.6221,73.07,83.68,21.03
334,Namatanai,83,PG,1595116800,75,-3.6667,152.4333,83.93,5.23
335,Deputatsky,86,RU,1595116800,54,69.3,139.9,57.47,12.17
336,Yumen,47,CN,1595116800,23,40.2833,97.2,72.01,3.49
337,Nsanje,17,MW,1595116800,94,-16.92,35.262,62.89,3.38
338,Yaan,40,NG,1595116800,88,7.3833,8.5667,73.4,4.68
339,The Valley,20,AI,1595116800,70,18.217,-63.0578,83.17,14.23
340,Sandakan,21,MY,1595116800,91,5.8402,118.1179,78.26,4.47
341,Bereket,0,TM,1595116800,27,39.2446,55.5154,87.12,5.21
342,Guerrero Negro,0,MX,1595116800,49,27.9769,-114.0611,79.75,18.95
343,Saldanha,0,ZA,1595116800,81,-33.0117,17.9442,55.63,7.31
344,Hobyo,59,SO,1595116800,71,5.3505,48.5268,77.79,25.68
345,Yekaterinovka,5,RU,1595116800,93,52.0508,44.3451,54.72,5.12
346,Umluj,7,SA,1595116800,63,25.0213,37.2685,82.53,4.72
347,Herat Province,0,AF,1595116800,17,34.5,62.0,79.81,25.26
348,Paamiut,54,GL,1595116800,83,61.994,-49.6678,47.19,10.78
349,Sangmélima,96,CM,1595116800,98,2.9333,11.9833,67.35,4.61
350,Buraidah,25,SA,1595116800,14,26.326,43.975,91.65,14.47
351,Semaria,98,IN,1595116800,63,24.3073,79.9718,86.47,7.92
352,Porterville,1,US,1595116800,23,36.0652,-119.0168,105.17,7.25
353,Husavik,87,IS,1595116800,85,66.0449,-17.3389,43.39,16.71
354,Medowie,75,AU,1595116800,85,-32.7333,151.8667,57.58,5.39
355,College,86,US,1595116800,68,64.8569,-147.8028,65.71,3.31
356,Vanimo,99,PG,1595116800,82,-2.6741,141.3028,80.73,6.49
357,Bonthe,100,SL,1595116800,85,7.5264,-12.505,76.3,5.19
358,Itarema,80,BR,1595116800,77,-2.9248,-39.9167,78.78,13.6
359,Polis,0,CY,1595116800,77,35.0367,32.4264,72.75,1.01
360,Khovd,59,MN,1595116800,48,48.0056,91.6419,68.14,2.1
361,Mnogovershinnyy,18,RU,1595116800,83,53.9353,139.9242,67.37,3.58
362,Eureka,11,US,1595116800,64,40.8021,-124.1637,66.25,5.1
363,Narsaq,38,GL,1595116800,54,60.9167,-46.05,58.51,2.82
364,Cleethorpes,97,GB,1595116800,85,53.5605,-0.0323,59.54,7.65
365,Province of Mantua,0,IT,1595116800,65,45.1667,10.7833,65.75,7.83
366,Walvis Bay,0,NA,1595116800,19,-22.9575,14.5053,69.57,9.55
367,Kavaratti,99,IN,1595116800,77,10.5669,72.642,82.65,20.2
368,Pingxiang,100,CN,1595116800,74,27.6167,113.85,84.4,6.98
369,Lavrentiya,87,RU,1595116800,67,65.5833,-171.0,51.57,8.39
370,Imeni Poliny Osipenko,100,RU,1595116800,81,52.4201,136.4853,77.25,3.11
371,Shwebo,100,MM,1595116800,92,22.5667,95.7,77.13,12.1
372,Sambava,8,MG,1595116800,77,-14.2667,50.1667,66.74,11.56
373,Aracaju,48,BR,1595116800,75,-10.9111,-37.0717,76.51,11.95
374,Pathein,100,MM,1595116800,89,16.7833,94.7333,78.35,4.81
375,Cururupu,9,BR,1595116800,89,-1.8283,-44.8683,75.18,1.36
376,Seoul,95,KR,1595116800,59,37.5683,126.9778,77.54,7.16
377,Necochea,88,AR,1595116800,89,-38.5473,-58.7368,51.03,4.59
378,Puerto Cabezas,40,NI,1595116800,74,14.0351,-83.3888,84.56,8.61
379,Koshurnikovo,0,RU,1595116800,86,54.1667,93.3,51.91,2.26
380,Nurlat,100,RU,1595116800,98,54.4277,50.8051,61.88,3.96
381,Nueva Loja,58,EC,1595116800,72,0.0847,-76.8828,78.82,2.21
382,Mahibadhoo,100,MV,1595116800,77,3.7833,72.9667,82.76,19.64
383,Manggar,93,ID,1595116800,82,-2.8833,108.2667,81.63,7.94
384,Broome,32,US,1595116800,59,42.2506,-75.833,80.8,1.32
385,Urusha,57,RU,1595116800,92,54.05,122.9,70.95,10.47
386,Senno,100,RU,1595116800,77,59.5336,33.9167,56.66,0.31
387,Esim,67,GH,1595116800,91,4.8699,-2.2405,75.36,6.4
388,Ust-Nera,100,RU,1595116800,43,64.5667,143.2,66.47,4.38
389,Nantucket,46,US,1595116800,91,41.2835,-70.0995,73.44,11.72
390,Bantogon,15,PH,1595116800,75,6.5333,124.0333,81.03,2.71
391,Samarai,94,PG,1595116800,85,-10.6167,150.6667,77.27,16.11
392,Moscow,9,RU,1595116800,88,55.7522,37.6156,61.45,4.23
393,Port Blair,49,IN,1595116800,79,11.6667,92.75,81.09,5.99
394,Santa Inês,10,BR,1595116800,72,-3.6667,-45.38,75.76,0.81
395,Marshall,61,US,1595116800,64,34.3834,-86.3333,85.69,2.48
396,Bilma,43,NE,1595116800,34,18.6853,12.9164,87.35,9.44
397,Ust'-Uda,85,RU,1595116800,74,54.1742,103.0304,53.44,3.11
398,Cidreira,1,BR,1595116800,86,-30.1811,-50.2056,65.64,9.57
399,Moose Factory,49,CA,1595116800,44,51.2585,-80.6094,82.56,4.7
400,Boddam,62,GB,1595116800,67,57.4667,-1.7833,53.2,14.85
401,Neyvo-Shaytanskiy,94,RU,1595116800,92,57.7286,61.2496,63.64,3.51
402,Hervey Bay,4,AU,1595116800,78,-25.2986,152.8535,63.28,6.58
403,Hazorasp,0,UZ,1595116800,33,41.3194,61.0742,84.99,5.66
404,Robertsport,100,LR,1595116800,86,6.7533,-11.3686,75.65,1.86
405,Skibbereen,48,IE,1595116800,69,51.55,-9.2667,56.57,10.67
406,Nunchía,46,CO,1595116800,78,5.6406,-72.1986,77.5,1.95
407,Shakhtinsk,7,KZ,1595116800,74,49.71,72.5872,66.67,11.39
408,Andenes,21,NO,1595116800,81,69.3143,16.1194,55.71,8.72
409,Kitimat,95,CA,1595116800,83,54.0524,-128.6534,60.13,3.87
410,Dunedin,0,NZ,1595116800,81,-45.8742,170.5036,50.68,9.51
411,Soyo,0,AO,1595116800,89,-6.1349,12.3689,71.22,1.92
412,Kinshasa,0,CD,1595116800,65,-4.3246,15.3215,77.22,1.23
413,Myitkyina,100,MM,1595116800,97,25.3833,97.4,74.73,1.7
414,Brigantine,3,US,1595116800,70,39.4101,-74.3646,80.64,7.36
415,Carbonia,11,IT,1595116800,86,39.1672,8.5222,70.86,3.15
416,Hoa Binh,59,VN,1595116800,74,20.8133,105.3383,84.78,2.06
417,Pāsighāt,100,IN,1595116800,88,28.0667,95.3333,76.93,1.79
418,Bagdarin,100,RU,1595116800,69,54.4333,113.6,56.98,6.51
419,Shache,100,CN,1595116800,37,38.4167,77.2406,75.52,4.92
420,Sühbaatar,88,MN,1595116800,65,50.2314,106.2078,57.4,2.46
421,Erzin,6,TR,1595116800,80,36.9559,36.2,76.15,1.48
422,Beringovskiy,99,RU,1595116800,89,63.05,179.3167,50.65,4.52
423,Lagoa,16,PT,1595116800,79,39.05,-27.9833,69.12,13.0
424,Aklavik,95,CA,1595116800,89,68.2191,-135.0107,45.79,8.86
425,Hualmay,18,PE,1595116800,76,-11.0964,-77.6139,62.29,8.25
426,Assiut,0,EG,1595116800,43,27.181,31.1837,81.32,7.74
427,Nosy Varika,91,MG,1595116800,80,-20.5833,48.5333,66.27,6.55
428,Awjilah,0,LY,1595116800,51,29.1081,21.2869,78.82,8.5
429,Borogontsy,86,RU,1595116800,80,62.6683,131.1683,68.4,5.12
430,Pierre,20,US,1595116800,31,44.3683,-100.351,86.16,14.63
431,Kollam,69,IN,1595116800,76,8.8833,76.6,80.13,8.68
432,Rome,40,US,1595116800,64,43.2128,-75.4557,80.87,2.04
433,Creston,18,US,1595116800,75,41.0586,-94.3614,86.9,14.81
434,Sehithwa,0,BW,1595116800,44,-20.4667,22.7167,51.98,7.23
435,Show Low,40,US,1595116800,22,34.2542,-110.0298,82.98,9.55
436,Qaqortoq,41,GL,1595116800,58,60.7167,-46.0333,57.43,1.36
437,Tautira,48,PF,1595116800,76,-17.7333,-149.15,77.25,19.77
438,Koungou,0,YT,1595116800,64,-12.7336,45.2042,76.77,28.83
439,Berezovyy,41,RU,1595116800,79,51.6667,135.7,78.91,3.04
440,Chippewa Falls,71,US,1595116800,73,44.9369,-91.3929,85.12,11.77
441,Olive Branch,29,US,1595116800,54,34.9618,-89.8295,90.93,4.27
442,Kiama,91,AU,1595116800,61,-34.6833,150.8667,59.5,5.12
443,Atar,37,MR,1595116800,19,20.5169,-13.0499,99.54,9.93
444,Kolno,0,PL,1595116800,86,53.4115,21.9291,60.69,5.59
445,Killarney,2,IE,1595116800,89,52.05,-9.5167,48.58,3.09
446,Lázaro Cárdenas,30,MX,1595116800,67,17.9583,-102.2,86.11,9.93
447,Quelimane,25,MZ,1595116800,90,-17.8786,36.8883,66.97,5.12
448,Orán,100,AR,1595116800,56,-23.1322,-64.326,73.98,3.38
449,Karratha,72,AU,1595116800,73,-20.7377,116.8463,66.36,8.43
450,Noyabrsk,58,RU,1595116800,89,63.1994,75.4507,65.25,5.5
451,Şuşani,98,RO,1595116800,88,44.5833,24.1,62.98,4.07
452,Edson,62,CA,1595116800,36,53.5835,-116.4356,73.4,5.57
453,Voh,49,NC,1595116800,58,-20.9667,164.7,74.19,8.84
454,Akureyri,87,IS,1595116800,82,65.6835,-18.0878,42.39,5.01
455,Pacific Grove,29,US,1595116800,78,36.6177,-121.9166,62.78,8.25
456,Marsá Maţrūḩ,0,EG,1595116800,81,31.3525,27.2453,75.78,8.7
457,Raahe,45,FI,1595116800,85,64.6833,24.4833,61.43,13.35
458,General Roca,56,AR,1595116800,40,-39.0333,-67.5833,61.21,5.95
459,Verkhoyansk,99,RU,1595116800,76,67.5447,133.385,64.15,1.41
460,Stellenbosch,0,ZA,1595116800,80,-33.9346,18.8668,50.5,3.31
461,Geraldton,4,AU,1595116800,84,-28.7667,114.6,54.05,9.19
462,Peno,12,RU,1595116800,81,56.9262,32.7426,55.98,4.32
463,Iranshahr,8,IR,1595116800,41,27.2025,60.6848,94.28,3.42
464,Dalby,0,AU,1595116800,70,-27.1833,151.2667,62.02,4.74
465,Heide,100,DE,1595116800,80,54.2,9.1,65.08,5.5
466,Campagna,16,IT,1595116800,66,40.6653,15.1059,65.12,6.33
467,Riachão das Neves,9,BR,1595116800,44,-11.7461,-44.91,73.92,5.06
468,Havelock,40,US,1595116800,74,34.8791,-76.9013,84.97,8.08
469,Umm Hājar,34,TD,1595116800,58,13.2954,19.6966,82.18,8.19
470,Mata,0,PT,1595116800,49,40.683,-7.4592,71.55,1.97
471,Berdigestyakh,99,RU,1595116800,68,62.0989,126.6992,70.54,2.39
472,Anloga,59,GH,1595116800,87,5.7947,0.8973,75.69,10.11
473,Beira,50,MZ,1595116800,80,-19.8436,34.8389,69.06,9.24
474,Serebryanyy Bor,99,RU,1595116800,90,56.8,124.8,66.85,4.25
475,Marmande,0,FR,1595116800,68,44.5,0.1667,67.89,5.99
476,Baykit,3,RU,1595116800,75,61.67,96.37,52.9,4.38
477,Bereda,4,ES,1595116800,89,43.2686,-7.5406,63.93,2.98
478,Ystad,89,SE,1595116800,81,55.4297,13.8204,60.93,2.48
479,Gushikawa,25,JP,1595116800,83,26.3544,127.8686,83.73,13.65
480,Ekhabi,100,RU,1595116800,91,53.5102,142.9671,60.13,7.07
481,Berlevåg,94,NO,1595116800,82,70.8578,29.0864,51.94,5.84
482,Wasilla,75,US,1595116800,61,61.5814,-149.4394,64.62,3.29
483,Xining,0,CN,1595116800,75,36.6167,101.7667,52.74,2.55
484,Mabaruma,4,GY,1595116800,87,8.2,-59.7833,79.0,3.29
485,Laas,22,IT,1595116800,59,46.6166,10.7002,55.31,3.69
486,Ucluelet,18,CA,1595116800,79,48.9329,-125.5528,65.3,11.99
487,Dolinsk,88,RU,1595116800,78,47.35,142.8,71.85,1.66
488,Zamboanguita,81,PH,1595116800,77,9.1025,123.1996,82.45,7.45
489,Port-Gentil,37,GA,1595116800,90,-0.7193,8.7815,74.44,11.34
490,Agüimes,40,ES,1595116800,51,27.9054,-15.4461,77.77,13.8
491,Catacocha,32,EC,1595116800,73,-4.0667,-79.6333,63.54,1.41
492,Shenjiamen,79,CN,1595116800,90,29.9576,122.298,78.62,23.22
493,Harnai,0,PK,1595116800,45,30.1005,67.9374,88.75,2.39
494,Nuuk,18,GL,1595116800,68,64.1835,-51.7216,53.71,9.71
495,Enniscorthy,61,IE,1595116800,92,52.5008,-6.5578,53.62,4.85
496,Altay,0,CN,1595116800,38,47.8667,88.1167,75.78,4.45
497,Juradó,97,CO,1595116800,82,7.1053,-77.7641,81.03,2.73
498,Chifeng,93,CN,1595116800,66,42.2683,118.9636,71.91,6.38
499,Xingcheng,100,CN,1595116800,83,40.6167,120.7167,72.16,7.14
500,Tulum,52,MX,1595116800,71,20.2167,-87.4667,85.03,4.47
501,Mount Darwin,0,ZW,1595116800,87,-16.7725,31.5838,49.6,2.91
502,Buenos Aires,71,AR,1595116800,97,-34.6132,-58.3772,59.65,7.49
503,Kununurra,16,AU,1595116800,28,-15.7667,128.7333,74.77,9.93
504,Opuwo,0,NA,1595116800,39,-18.0607,13.84,53.82,12.59
505,Fort-Shevchenko,0,KZ,1595116800,63,44.5086,50.263,81.72,9.31
506,Lorengau,85,PG,1595116800,76,-2.0226,147.2712,82.65,4.41
507,Penzance,100,GB,1595116800,95,50.1186,-5.5371,60.62,12.01
508,Tiarei,39,PF,1595116800,75,-17.5333,-149.3333,77.77,20.92
509,Garoowe,66,SO,1595116800,61,8.4054,48.4845,76.08,29.66
510,Tezu,100,IN,1595116800,87,27.9167,96.1667,76.12,1.41
511,Camaná,60,PE,1595116800,75,-16.6228,-72.7111,61.3,6.33
512,Mongoumba,57,CF,1595116800,96,3.6415,18.5936,68.52,0.94
513,Yar-Sale,98,RU,1595116800,92,66.8333,70.8333,49.51,11.63
514,Iquitos,76,PE,1595116800,87,-3.7481,-73.2472,77.4,1.59
515,Businga,35,CD,1595116800,94,3.3333,20.8833,69.35,0.74
516,Daru,77,PG,1595116800,84,-9.0763,143.2092,77.05,13.62
517,Touros,82,BR,1595116800,85,-5.1989,-35.4608,75.27,15.03
518,Dehlorān,0,IR,1595116800,9,32.6941,47.2679,97.88,8.25
519,Diamantino,0,BR,1595116800,35,-14.4086,-56.4461,83.16,4.47
520,Lubango,0,AO,1595116800,46,-14.9172,13.4925,50.38,6.96
521,Chikwawa,33,MW,1595116800,90,-16.0335,34.8009,61.52,3.33
522,Bebedouro,30,BR,1595116800,49,-20.9494,-48.4792,71.71,8.23
523,Uíge,0,AO,1595116800,41,-7.6087,15.0613,64.38,3.15
524,Tver',0,RU,1595116800,82,56.8619,35.8931,52.74,4.47
525,Cascais,10,PT,1595116800,83,38.6979,-9.4215,67.55,8.7
526,Varna,0,BG,1595116800,79,43.2167,27.9167,67.1,5.79
527,Acapetahua,45,MX,1595116800,68,15.2833,-92.7,88.11,1.88
